EBNA-LP_IgG,HP0371_IgG,HP0875_IgG,HP1172_IgA
EBNA-LP_IgG,HP0371_IgG,HP0875_IgG,HP1172_IgA
EBNA-LP_IgG,HP0371_IgG,HP0875_IgG,HP1172_IgA
EBNA-LP_IgG,HP0371_IgG,HP0875_IgG,HP1172_IgA
EBNA-LP_IgG,HP0371_IgG,HP0875_IgG,HP1172_IgA
EBNA-LP_IgG,HP0371_IgG,HP0875_IgG,HP1172_IgA
EBNA-LP_IgG,HP0371_IgG,HP0875_IgG,HP1172_IgA
EBNA-LP_IgG,HP0371_IgG,HP0875_IgG,HP1172_IgA
EBNA-LP_IgG,HP0371_IgG,HP0875_IgG,HP1172_IgA
EBNA-LP_IgG,HP0371_IgG,HP0875_IgG,HP1172_IgA
EBNA-LP_IgG,HP0371_IgG,HP0875_IgG,HP1172_IgA
EBNA-LP_IgG,HP0371_IgG,HP0875_IgG,HP1172_IgA
EBNA-LP_IgG,HP0371_IgG,HP0875_IgG,HP1172_IgA
EBNA-LP_IgG,HP0371_IgG,HP0231_IgG,HP0875_IgG
HP0371_IgG,EBNA-LP_IgG,HP0875_IgG,HP1172_IgA
EBNA-LP_IgG,HP0371_IgG,HP0875_IgG,HP1172_IgA
EBNA-LP_IgG,HP0371_IgG,HP0875_IgG,HP1172_IgA
EBNA-LP_IgG,HP0371_IgG,HP0875_IgG,HP1172_IgA
EBNA-LP_IgG,HP0371_IgG,HP0875_IgG,HP1172_IgA
EBNA-LP_IgG,HP0371_IgG,HP0875_IgG,HP1172_IgA
EBNA-LP_IgG,HP0371_IgG,HP0875_IgG,groEL_IgG
EBNA-LP_IgG,HP0371_IgG,HP0875_IgG,HP1172_IgA
EBNA-LP_IgG,HP0371_IgG,HP0875_IgG,HP1172_IgA
EBNA-LP_IgG,HP0371_IgG,HP0875_IgG,HP1172_IgA
EBNA-LP_IgG,HP0371_IgG,HP0875_IgG,HP1172_IgA
EBNA-LP_IgG,HP0371_IgG,HP0875_IgG,HP0175_IgG
EBNA-LP_IgG,HP0371_IgG,rplL_IgG,HP0875_IgG
EBNA-LP_IgG,HP0371_IgG,HP0875_IgG,HP1172_IgA
EBNA-LP_IgG,HP0371_IgG,HP0875_IgG,HP1172_IgA
EBNA-LP_IgG,HP0371_IgG,HP0875_IgG,HP0175_IgG
EBNA-LP_IgG,HP0371_IgG,HP0875_IgG,HP1172_IgA
EBNA-LP_IgG,HP0371_IgG,HP0875_IgG,HP1172_IgA
EBNA-LP_IgG,HP0371_IgG,HP0875_IgG,HP1172_IgA
EBNA-LP_IgG,HP0371_IgG,HP0875_IgG,rplL_IgG
EBNA-LP_IgG,HP0371_IgG,HP0875_IgG,HP1172_IgA
EBNA-LP_IgG,HP0371_IgG,HP0875_IgG,HP1172_IgA
EBNA-LP_IgG,HP0371_IgG,HP0875_IgG,HP1172_IgA
EBNA-LP_IgG,HP0371_IgG,HP0875_IgG,HP1172_IgA
EBNA-LP_IgG,HP0371_IgG,HP0875_IgG,HP1172_IgA
EBNA-LP_IgG,HP0371_IgG,HP0875_IgG,HP1172_IgA
EBNA-LP_IgG,HP0371_IgG,HP0875_IgG,HP1172_IgA
EBNA-LP_IgG,HP0371_IgG,HP0875_IgG,HP1172_IgA
EBNA-LP_IgG,HP0371_IgG,HP0875_IgG,HP1172_IgA
EBNA-LP_IgG,HP0371_IgG,HP0875_IgG,HP1172_IgA
EBNA-LP_IgG,HP0371_IgG,HP0875_IgG,HP1172_IgA
EBNA-LP_IgG,HP0371_IgG,HP0875_IgG,HP1172_IgA
EBNA-LP_IgG,HP0371_IgG,HP0875_IgG,HP1172_IgA
EBNA-LP_IgG,HP0371_IgG,HP0875_IgG,HP1172_IgA
EBNA-LP_IgG,HP0371_IgG,HP0875_IgG,HP1172_IgA
EBNA-LP_IgG,HP0371_IgG,HP0875_IgG,HP1172_IgA
EBNA-LP_IgG,HP0371_IgG,HP0875_IgG,HP1172_IgA
HP0371_IgG,EBNA-LP_IgG,HP0875_IgG,HP1172_IgA
EBNA-LP_IgG,HP0371_IgG,HP0875_IgG,HP1172_IgA
EBNA-LP_IgG,HP0371_IgG,HP0875_IgG,HP1172_IgA
EBNA-LP_IgG,HP0371_IgG,HP0875_IgG,HP1172_IgA
HP0371_IgG,EBNA-LP_IgG,HP0875_IgG,HP1172_IgA
EBNA-LP_IgG,HP0371_IgG,HP0875_IgG,HP1172_IgA
EBNA-LP_IgG,HP0371_IgG,HP0875_IgG,HP1172_IgA
EBNA-LP_IgG,HP0371_IgG,HP0875_IgG,HP1172_IgA
EBNA-LP_IgG,HP0371_IgG,HP0875_IgG,HP1172_IgA
HP0371_IgG,EBNA-LP_IgG,HP0875_IgG,HP1172_IgA
EBNA-LP_IgG,HP0371_IgG,HP0875_IgG,HP1172_IgA
EBNA-LP_IgG,HP0371_IgG,HP0875_IgG,HP1172_IgA
EBNA-LP_IgG,HP0371_IgG,HP0875_IgG,HP1172_IgA
EBNA-LP_IgG,HP0371_IgG,HP1172_IgA,HP0875_IgG
HP0371_IgG,EBNA-LP_IgG,HP0875_IgG,HP1172_IgA
EBNA-LP_IgG,HP0371_IgG,HP0875_IgG,HP1172_IgA
EBNA-LP_IgG,HP0371_IgG,HP0875_IgG,HP1172_IgA
EBNA-LP_IgG,HP0371_IgG,HP0875_IgG,HP1172_IgA
EBNA-LP_IgG,HP0371_IgG,HP0875_IgG,HP1172_IgA
EBNA-LP_IgG,HP0371_IgG,TP53_cGST_IgG,HP0875_IgG
HP0371_IgG,EBNA-LP_IgG,HP0875_IgG,HP1172_IgA
EBNA-LP_IgG,HP0371_IgG,HP0875_IgG,HP1172_IgA
EBNA-LP_IgG,HP0371_IgG,HP0875_IgG,HP1172_IgA
EBNA-LP_IgG,HP0371_IgG,HP0875_IgG,HP1172_IgA
EBNA-LP_IgG,HP0371_IgG,HP0875_IgG,HP1172_IgA
EBNA-LP_IgG,HP0371_IgG,HP0875_IgG,HP1172_IgA
HP0371_IgG,EBNA-LP_IgG,HP0875_IgG,HP1172_IgA
EBNA-LP_IgG,HP0371_IgG,HP0875_IgG,HP1172_IgA
EBNA-LP_IgG,HP0371_IgG,HP0875_IgG,HP1172_IgA
HP0371_IgG,EBNA-LP_IgG,HP0875_IgG,HP1172_IgA
EBNA-LP_IgG,HP0371_IgG,HP0875_IgG,HP1172_IgA
EBNA-LP_IgG,HP0371_IgG,HP1172_IgA,HP0875_IgG
EBNA-LP_IgG,HP0371_IgG,HP0875_IgG,HP1172_IgA
EBNA-LP_IgG,HP0371_IgG,HP0875_IgG,HP1172_IgA
HP0371_IgG,EBNA-LP_IgG,HP0875_IgG,HP1172_IgA
HP0371_IgG,EBNA-LP_IgG,HP1172_IgA,HP0875_IgG
EBNA-LP_IgG,HP0371_IgG,HP0875_IgG,HP1172_IgA
EBNA-LP_IgG,HP0371_IgG,HP1172_IgA,rplL_IgG
HP0371_IgG,EBNA-LP_IgG,HP0875_IgG,HP1172_IgA
EBNA-LP_IgG,HP0371_IgG,HP0875_IgG,HP1172_IgA
EBNA-LP_IgG,HP0371_IgG,HP0875_IgG,HP1172_IgA
EBNA-LP_IgG,HP0371_IgG,HP0875_IgG,HP1172_IgA
EBNA-LP_IgG,HP0371_IgG,HP0875_IgG,HP1172_IgA
EBNA-LP_IgG,HP0371_IgG,HP0875_IgG,HP1172_IgA
EBNA-LP_IgG,HP0371_IgG,HP0875_IgG,HP1172_IgA
EBNA-LP_IgG,HP0371_IgG,HP0875_IgG,HP1172_IgA
EBNA-LP_IgG,HP0371_IgG,HP0875_IgG,HP1172_IgA
EBNA-LP_IgG,HP0371_IgG,HP0875_IgG,HP1172_IgA
EBNA-LP_IgG,HP0371_IgG,HP0875_IgG,HP1172_IgA
